city,state,postal_code,region
Richardson,Texas,75080,Central
Houston,Texas,77041,Central
Naperville,Illinois,60540,Central
Los Angeles,California,90049,West
Melbourne,Florida,32935,South
Eagan,Minnesota,55122,Central
Westland,Michigan,48185,Central
Dover,Delaware,19901,East
New Albany,Indiana,47150,Central
New York City,New York,10024,East
Troy,New York,12180,East
Los Angeles,California,90004,West
Chicago,Illinois,60610,Central
Gilbert,Arizona,85234,West
Springfield,Virginia,22153,South
New York City,New York,10009,East
Memphis,Tennessee,38109,South
Houston,Texas,77041,Central
Decatur,Alabama,35601,South
San Francisco,California,94122,West
Durham,North Carolina,27707,South
Chicago,Illinois,60623,Central
Rochester,Minnesota,55901,Central
Houston,Texas,77095,Central
Los Angeles,California,90036,West
Minneapolis,Minnesota,55407,Central
Portland,Oregon,97206,West
New York City,New York,10009,East
San Francisco,California,94122,West
Saint Paul,Minnesota,55106,Central
Chicago,Illinois,60610,Central
Rochester,Minnesota,55901,Central
Aurora,Colorado,80013,West
Charlotte,North Carolina,28205,South
Orland Park,Illinois,60462,Central
New York City,New York,10035,East
Urbandale,Iowa,50322,Central
Columbus,Ohio,43229,East
Seattle,Washington,98103,West
Bristol,Tennessee,37620,South
Wilmington,Delaware,19805,East
Houston,Texas,77041,Central
Bloomington,Illinois,61701,Central
Phoenix,Arizona,85023,West
Los Angeles,California,90004,West
Columbus,Ohio,43229,East
Roseville,California,95661,West
Philadelphia,Pennsylvania,19140,East
San Francisco,California,94122,West
Independence,Missouri,64055,Central
Pasadena,California,91104,West
Newark,Ohio,43055,East
Franklin,Wisconsin,53132,Central
Scottsdale,Arizona,85254,West
San Jose,California,95123,West
Seattle,Washington,98105,West
Seattle,Washington,98115,West
Edmond,Oklahoma,73034,Central
Los Angeles,California,90045,West
Philadelphia,Pennsylvania,19134,East
Carlsbad,New Mexico,88220,West
Seattle,Washington,98115,West
San Antonio,Texas,78207,Central
Los Angeles,California,90004,West
Chicago,Illinois,60623,Central
Houston,Texas,77036,Central
New York City,New York,10009,East
Decatur,Illinois,62521,Central
Monroe,Louisiana,71203,South
Fairfield,Connecticut,6824,East
Los Angeles,California,90032,West
Grand Prairie,Texas,75051,Central
New York City,New York,10035,East
Redlands,California,92374,West
Hamilton,Ohio,45011,East
Westfield,New Jersey,7090,East
Philadelphia,Pennsylvania,19120,East
Akron,Ohio,44312,East
Denver,Colorado,80219,West
Dallas,Texas,75220,Central
Franklin,Tennessee,37064,South
Whittier,California,90604,West
Saginaw,Michigan,48601,Central
Dallas,Texas,75220,Central
Medina,Ohio,44256,East
Los Angeles,California,90032,West
Dublin,Ohio,43017,East
Detroit,Michigan,48227,Central
Columbia,Tennessee,38401,South
Charlotte,North Carolina,28205,South
Santa Clara,California,95051,West
Chicago,Illinois,60610,Central
Lakeville,Minnesota,55044,Central
San Francisco,California,94109,West
San Diego,California,92037,West
New York City,New York,10024,East
Chicago,Illinois,60623,Central
New York City,New York,10009,East
Pasadena,Texas,77506,Central
Houston,Texas,77036,Central
Chicago,Illinois,60610,Central
Brentwood,California,94513,West
Chapel Hill,North Carolina,27514,South
Cincinnati,Ohio,45231,East
San Francisco,California,94110,West
Inglewood,California,90301,West
Philadelphia,Pennsylvania,19140,East
Los Angeles,California,90004,West
Tamarac,Florida,33319,South
Columbus,Ohio,43229,East
Colorado Springs,Colorado,80906,West
New York City,New York,10024,East
Lakewood,New Jersey,8701,East
Arlington,Virginia,22204,South
Arvada,Colorado,80004,West
Hackensack,New Jersey,7601,East
Saint Petersburg,Florida,33710,South
Philadelphia,Pennsylvania,19143,East
New York City,New York,10024,East
Long Beach,California,90805,West
Hesperia,California,92345,West
Murfreesboro,Tennessee,37130,South
Philadelphia,Pennsylvania,19143,East
Philadelphia,Pennsylvania,19134,East
Los Angeles,California,90045,West
San Francisco,California,94122,West
San Francisco,California,94122,West
Lowell,Massachusetts,1852,East
New York City,New York,10009,East
New York City,New York,10035,East
Columbus,Georgia,31907,South
New York City,New York,10009,East
San Francisco,California,94109,West
Manchester,Connecticut,6040,East
Harlingen,Texas,78550,Central
Tucson,Arizona,85705,West
Quincy,Illinois,62301,Central
Franklin,Massachusetts,2038,East
Houston,Texas,77095,Central
San Francisco,California,94109,West
Taylor,Michigan,48180,Central
Pembroke Pines,Florida,33024,South
Philadelphia,Pennsylvania,19140,East
Cincinnati,Ohio,45231,East
New York City,New York,10009,East
Peoria,Illinois,61604,Central
Las Vegas,Nevada,89115,West
Warwick,Rhode Island,2886,East
Houston,Texas,77036,Central
Miami,Florida,33180,South
New York City,New York,10024,East
San Francisco,California,94110,West
Seattle,Washington,98105,West
Huntington Beach,California,92646,West
Los Angeles,California,90004,West
Lawrence,Massachusetts,1841,East
Jackson,Mississippi,39212,South
New Rochelle,New York,10801,East
San Antonio,Texas,78207,Central
Gastonia,North Carolina,28052,South
Jacksonville,Florida,32216,South
Chicago,Illinois,60623,Central
Houston,Texas,77070,Central
Columbus,Indiana,47201,Central
Auburn,New York,13021,East
Akron,Ohio,44312,East
Concord,California,94521,West
Phoenix,Arizona,85023,West
Park Ridge,Illinois,60068,Central
Lindenhurst,New York,11757,East
San Francisco,California,94110,West
Troy,New York,12180,East
New York City,New York,10024,East
San Diego,California,92024,West
New York City,New York,10024,East
Los Angeles,California,90045,West
Chicago,Illinois,60610,Central
Huntsville,Texas,77340,Central
Rochester,New York,14609,East
Seattle,Washington,98115,West
Memphis,Tennessee,38109,South
Fayetteville,Arkansas,72701,South
Parker,Colorado,80134,West
Atlanta,Georgia,30318,South
Gladstone,Missouri,64118,Central
Los Angeles,California,90049,West
Houston,Texas,77041,Central
Detroit,Michigan,48234,Central
Lawrence,Massachusetts,1841,East
Lakeland,Florida,33801,South
Philadelphia,Pennsylvania,19134,East
Los Angeles,California,90036,West
Los Angeles,California,90032,West
Montgomery,Alabama,36116,South
Mesa,Arizona,85204,West
Chicago,Illinois,60653,Central
Henderson,Kentucky,42420,South
Green Bay,Wisconsin,54302,Central
Springfield,Ohio,45503,East
New York City,New York,10035,East
San Francisco,California,94110,West
Houston,Texas,77070,Central
Wilmington,North Carolina,28403,South
Los Angeles,California,90045,West
San Francisco,California,94110,West
Tampa,Florida,33614,South
Seattle,Washington,98105,West
Los Angeles,California,90008,West
Seattle,Washington,98105,West
New York City,New York,10024,East
Marysville,Washington,98270,West
Long Beach,California,90805,West
Chicago,Illinois,60610,Central
Los Angeles,California,90004,West
Denver,Colorado,80219,West
Richmond,Kentucky,40475,South
Salem,Oregon,97301,West
Laredo,Texas,78041,Central
San Diego,California,92024,West
Philadelphia,Pennsylvania,19134,East
Philadelphia,Pennsylvania,19120,East
Tampa,Florida,33614,South
Philadelphia,Pennsylvania,19134,East
Dallas,Texas,75217,Central
Philadelphia,Pennsylvania,19143,East
Grove City,Ohio,43123,East
New York City,New York,10011,East
Chicago,Illinois,60610,Central
Dearborn,Michigan,48126,Central
New York City,New York,10009,East
Seattle,Washington,98115,West
Aurora,Colorado,80013,West
Warner Robins,Georgia,31088,South
Aurora,Colorado,80013,West
Minneapolis,Minnesota,55407,Central
Mission Viejo,California,92691,West
Rochester Hills,Michigan,48307,Central
Columbus,Indiana,47201,Central
Vancouver,Washington,98661,West
New York City,New York,10024,East
Columbus,Ohio,43229,East
Aurora,Illinois,60505,Central
New York City,New York,10011,East
Dallas,Texas,75081,Central
Cleveland,Ohio,44105,East
Columbus,Indiana,47201,Central
Tyler,Texas,75701,Central
New York City,New York,10024,East
Burlington,North Carolina,27217,South
Jackson,Mississippi,39212,South
New York City,New York,10035,East
Waynesboro,Virginia,22980,South
Los Angeles,California,90036,West
Chester,Pennsylvania,19013,East
Long Beach,California,90805,West
Cary,North Carolina,27511,South
New York City,New York,10035,East
New York City,New York,10035,East
Palm Coast,Florida,32137,South
Mount Vernon,New York,10550,East
Dover,Delaware,19901,East
Orem,Utah,84057,West
Los Angeles,California,90045,West
Philadelphia,Pennsylvania,19140,East
Hialeah,Florida,33012,South
Austin,Texas,78745,Central
Oceanside,New York,11572,East
Seattle,Washington,98115,West
Naperville,Illinois,60540,Central
Dallas,Texas,75220,Central
Evanston,Illinois,60201,Central
Trenton,Michigan,48183,Central
San Francisco,California,94110,West
Cottage Grove,Minnesota,55016,Central
New York City,New York,10009,East
Green Bay,Wisconsin,54302,Central
Columbus,Ohio,43229,East
Bossier City,Louisiana,71111,South
Saint Petersburg,Florida,33710,South
Des Moines,Iowa,50315,Central
Cincinnati,Ohio,45231,East
Columbus,Ohio,43229,East
Lancaster,California,93534,West
Asheville,North Carolina,28806,South
San Francisco,California,94110,West
Rochester,Minnesota,55901,Central
Lake Elsinore,California,92530,West
San Diego,California,92105,West
Monroe,Louisiana,71203,South
San Francisco,California,94122,West
Santa Ana,California,92704,West
Milwaukee,Wisconsin,53209,Central
Belleville,New Jersey,7109,East
San Francisco,California,94110,West
Columbia,Tennessee,38401,South
New York City,New York,10035,East
Los Angeles,California,90036,West
Louisville,Kentucky,40214,South
Lorain,Ohio,44052,East
Linden,New Jersey,7036,East
Salinas,California,93905,West
New York City,New York,10035,East
New Brunswick,New Jersey,8901,East
San Francisco,California,94122,West
Springfield,Virginia,22153,South
Philadelphia,Pennsylvania,19140,East
Lancaster,Pennsylvania,17602,East
Philadelphia,Pennsylvania,19143,East
New York City,New York,10009,East
Philadelphia,Pennsylvania,19120,East
Detroit,Michigan,48227,Central
Rochester,New York,14609,East
Los Angeles,California,90045,West
Columbia,Maryland,21044,East
San Francisco,California,94122,West
Houston,Texas,77095,Central
Detroit,Michigan,48227,Central
Auburn,New York,13021,East
Springfield,Ohio,45503,East
Jackson,Michigan,49201,Central
Norwich,Connecticut,6360,East
Dallas,Texas,75220,Central
New York City,New York,10009,East
New York City,New York,10011,East
Philadelphia,Pennsylvania,19143,East
Springfield,Virginia,22153,South
Philadelphia,Pennsylvania,19140,East
Philadelphia,Pennsylvania,19120,East
Riverside,California,92503,West
San Francisco,California,94110,West
Philadelphia,Pennsylvania,19143,East
Round Rock,Texas,78664,Central
Jackson,Mississippi,39212,South
Phoenix,Arizona,85023,West
Oceanside,California,92054,West
San Francisco,California,94110,West
Fayetteville,Arkansas,72701,South
New York City,New York,10011,East
Wilmington,North Carolina,28403,South
Louisville,Colorado,80027,West
Pasadena,Texas,77506,Central
Houston,Texas,77041,Central
Jacksonville,Florida,32216,South
Virginia Beach,Virginia,23464,South
Henderson,Kentucky,42420,South
Murrieta,California,92563,West
Scottsdale,Arizona,85254,West
San Diego,California,92037,West
Seattle,Washington,98103,West
New York City,New York,10011,East
Los Angeles,California,90045,West
Springfield,Ohio,45503,East
Cincinnati,Ohio,45231,East
Los Angeles,California,90004,West
Burlington,North Carolina,27217,South
Saint Peters,Missouri,63376,Central
New York City,New York,10035,East
Chicago,Illinois,60610,Central
Philadelphia,Pennsylvania,19134,East
New York City,New York,10009,East
Philadelphia,Pennsylvania,19143,East
Toledo,Ohio,43615,East
San Francisco,California,94122,West
Brownsville,Texas,78521,Central
Los Angeles,California,90008,West
Denver,Colorado,80219,West
New York City,New York,10035,East
Mesa,Arizona,85204,West
Columbus,Indiana,47201,Central
Seattle,Washington,98105,West
Detroit,Michigan,48227,Central
Oakland,California,94601,West
Clinton,Maryland,20735,East
Charlotte,North Carolina,28205,South
San Francisco,California,94122,West
Riverside,California,92503,West
San Francisco,California,94110,West
Roswell,Georgia,30076,South
La Porte,Indiana,46350,Central
Lansing,Michigan,48911,Central
Minneapolis,Minnesota,55407,Central
Escondido,California,92025,West
New York City,New York,10035,East
Jackson,Michigan,49201,Central
Los Angeles,California,90004,West
Houston,Texas,77070,Central
Seattle,Washington,98103,West
Los Angeles,California,90036,West
Charlotte,North Carolina,28205,South
New York City,New York,10009,East
Philadelphia,Pennsylvania,19134,East
Los Angeles,California,90036,West
Buffalo,New York,14215,East
Cincinnati,Ohio,45231,East
Seattle,Washington,98105,West
Gulfport,Mississippi,39503,South
Fresno,California,93727,West
Chester,Pennsylvania,19013,East
Jacksonville,Florida,32216,South
Greenville,North Carolina,27834,South
La Porte,Indiana,46350,Central
San Francisco,California,94122,West
Florence,Alabama,35630,South
Houston,Texas,77070,Central
Providence,Rhode Island,2908,East
New York City,New York,10009,East
Pueblo,Colorado,81001,West
Fairfield,California,94533,West
Saint Paul,Minnesota,55106,Central
Arlington,Virginia,22204,South
Columbus,Georgia,31907,South
Los Angeles,California,90032,West
Deltona,Florida,32725,South
Cincinnati,Ohio,45231,East
Murray,Kentucky,42071,South
Wilmington,North Carolina,28403,South
Lawrence,Massachusetts,1841,East
Norwich,Connecticut,6360,East
San Francisco,California,94110,West
San Francisco,California,94109,West
Lorain,Ohio,44052,East
Dallas,Texas,75220,Central
Middletown,Connecticut,6457,East
Los Angeles,California,90008,West
New York City,New York,10011,East
Jacksonville,North Carolina,28540,South
Evanston,Illinois,60201,Central
Louisville,Kentucky,40214,South
Fort Worth,Texas,76106,Central
Los Angeles,California,90049,West
Philadelphia,Pennsylvania,19120,East
Tucson,Arizona,85705,West
Pico Rivera,California,90660,West
Clinton,Maryland,20735,East
Aurora,Illinois,60505,Central
Smyrna,Georgia,30080,South
Burlington,North Carolina,27217,South
Salem,Virginia,24153,South
Phoenix,Arizona,85023,West
New York City,New York,10024,East
Costa Mesa,California,92627,West
Houston,Texas,77041,Central
Mesa,Arizona,85204,West
Salinas,California,93905,West
Parma,Ohio,44134,East
San Francisco,California,94110,West
Richmond,Kentucky,40475,South
Aurora,Colorado,80013,West
Phoenix,Arizona,85023,West
Mobile,Alabama,36608,South
Columbus,Georgia,31907,South
Irving,Texas,75061,Central
Vineland,New Jersey,8360,East
New York City,New York,10009,East
Los Angeles,California,90004,West
Niagara Falls,New York,14304,East
Thomasville,North Carolina,27360,South
New York City,New York,10035,East
Los Angeles,California,90008,West
Philadelphia,Pennsylvania,19143,East
New York City,New York,10035,East
Vancouver,Washington,98661,West
Coppell,Texas,75019,Central
Los Angeles,California,90004,West
New York City,New York,10024,East
Philadelphia,Pennsylvania,19120,East
Seattle,Washington,98105,West
Chicago,Illinois,60610,Central
Tucson,Arizona,85705,West
Laguna Niguel,California,92677,West
Bridgeton,New Jersey,8302,East
Everett,Massachusetts,2149,East
San Diego,California,92024,West
San Diego,California,92024,West
Richmond,Kentucky,40475,South
Long Beach,New York,11561,East
Philadelphia,Pennsylvania,19140,East
Seattle,Washington,98103,West
New York City,New York,10011,East
Houston,Texas,77036,Central
Philadelphia,Pennsylvania,19134,East
Allen,Texas,75002,Central
El Paso,Texas,79907,Central
Aurora,Illinois,60505,Central
Virginia Beach,Virginia,23464,South
Grapevine,Texas,76051,Central
Olympia,Washington,98502,West
Peoria,Illinois,61604,Central
Los Angeles,California,90008,West
Kent,Washington,98031,West
Los Angeles,California,90049,West
Lafayette,Louisiana,70506,South
Tigard,Oregon,97224,West
Washington,District of Columbia,20016,East
Skokie,Illinois,60076,Central
San Francisco,California,94110,West
Seattle,Washington,98105,West
Los Angeles,California,90045,West
Seattle,Washington,98115,West
Dallas,Texas,75217,Central
North Las Vegas,Nevada,89031,West
Suffolk,Virginia,23434,South
San Francisco,California,94110,West
Los Angeles,California,90008,West
Indianapolis,Indiana,46203,Central
Columbus,Ohio,43229,East
San Diego,California,92037,West
San Francisco,California,94122,West
Dublin,Ohio,43017,East
San Diego,California,92037,West
Houston,Texas,77095,Central
Oakland,California,94601,West
Houston,Texas,77095,Central
Suffolk,Virginia,23434,South
Greensboro,North Carolina,27405,South
Milwaukee,Wisconsin,53209,Central
Kenosha,Wisconsin,53142,Central
Houston,Texas,77041,Central
Olathe,Kansas,66062,Central
Dallas,Texas,75081,Central
Tulsa,Oklahoma,74133,Central
Newark,Ohio,43055,East
Chicago,Illinois,60623,Central
Raleigh,North Carolina,27604,South
Macon,Georgia,31204,South
Charlotte,North Carolina,28205,South
Bowling Green,Kentucky,42104,South
Seattle,Washington,98115,West
Aurora,Colorado,80013,West
San Francisco,California,94122,West
Spokane,Washington,99207,West
San Antonio,Texas,78207,Central
Charlottesville,Virginia,22901,South
Minneapolis,Minnesota,55407,Central
Indianapolis,Indiana,46203,Central
Oceanside,New York,11572,East
Roswell,Georgia,30076,South
Watertown,New York,13601,East
Arlington,Texas,76017,Central
Broomfield,Colorado,80020,West
New York City,New York,10009,East
Chicago,Illinois,60610,Central
Columbus,Ohio,43229,East
Pasadena,California,91104,West
Houston,Texas,77041,Central
Auburn,Alabama,36830,South
Providence,Rhode Island,2908,East
Rochester,Minnesota,55901,Central
Perth Amboy,New Jersey,8861,East
Philadelphia,Pennsylvania,19134,East
Ontario,California,91761,West
Seattle,Washington,98105,West
Baltimore,Maryland,21215,East
Wilmington,Delaware,19805,East
Tucson,Arizona,85705,West
Boynton Beach,Florida,33437,South
Stockton,California,95207,West
Philadelphia,Pennsylvania,19143,East
Dover,New Hampshire,3820,East
Philadelphia,Pennsylvania,19134,East
Grand Prairie,Texas,75051,Central
College Station,Texas,77840,Central
Saint Louis,Missouri,63116,Central
Manteca,California,95336,West
Kent,Ohio,44240,East
San Francisco,California,94122,West
Salt Lake City,Utah,84106,West
Huntsville,Alabama,35810,South
Aurora,Illinois,60505,Central
Fairfield,Connecticut,6824,East
Jacksonville,Florida,32216,South
San Francisco,California,94110,West
Marion,Ohio,43302,East
Littleton,Colorado,80122,West
La Porte,Indiana,46350,Central
Los Angeles,California,90049,West
Pasadena,California,91104,West
Los Angeles,California,90004,West
San Diego,California,92024,West
New York City,New York,10035,East
Arlington,Virginia,22204,South
Monroe,North Carolina,28110,South
Seattle,Washington,98115,West
Seattle,Washington,98115,West
Murfreesboro,Tennessee,37130,South
Seattle,Washington,98115,West
New York City,New York,10009,East
Peoria,Arizona,85345,West
Sioux Falls,South Dakota,57103,Central
New York City,New York,10035,East
Fort Collins,Colorado,80525,West
Clarksville,Tennessee,37042,South
San Francisco,California,94122,West
Fresno,California,93727,West
New York City,New York,10009,East
San Francisco,California,94122,West
Los Angeles,California,90036,West
Albuquerque,New Mexico,87105,West
Elmhurst,Illinois,60126,Central
New York City,New York,10009,East
Louisville,Colorado,80027,West
Seattle,Washington,98115,West
Fayetteville,North Carolina,28314,South
Los Angeles,California,90036,West
New York City,New York,10024,East
Jamestown,New York,14701,East
Mishawaka,Indiana,46544,Central
Skokie,Illinois,60076,Central
San Francisco,California,94110,West
Tampa,Florida,33614,South
Houston,Texas,77041,Central
La Quinta,California,92253,West
Scottsdale,Arizona,85254,West
Philadelphia,Pennsylvania,19134,East
Bowling Green,Kentucky,42104,South
Carrollton,Texas,75007,Central
New York City,New York,10035,East
Jacksonville,Florida,32216,South
Los Angeles,California,90045,West
Los Angeles,California,90049,West
Saint Louis,Missouri,63116,Central
New York City,New York,10024,East
Seattle,Washington,98103,West
Los Angeles,California,90045,West
New York City,New York,10035,East
Springfield,Missouri,65807,Central
Amarillo,Texas,79109,Central
Los Angeles,California,90045,West
Lowell,Massachusetts,1852,East
San Diego,California,92024,West
Pueblo,Colorado,81001,West
Lancaster,Ohio,43130,East
Columbus,Georgia,31907,South
Vallejo,California,94591,West
Seattle,Washington,98105,West
San Diego,California,92037,West
Tallahassee,Florida,32303,South
San Francisco,California,94122,West
Columbus,Georgia,31907,South
Murray,Utah,84107,West
Dallas,Texas,75220,Central
Las Cruces,New Mexico,88001,West
Seattle,Washington,98115,West
Franklin,Massachusetts,2038,East
Encinitas,California,92024,West
Hoover,Alabama,35244,South
Huntsville,Texas,77340,Central
Roswell,Georgia,30076,South
Columbus,Indiana,47201,Central
Fayetteville,North Carolina,28314,South
Tucson,Arizona,85705,West
Lake Charles,Louisiana,70601,South
Columbus,Georgia,31907,South
Glendale,Arizona,85301,West
Watertown,New York,13601,East
Oceanside,California,92054,West
Philadelphia,Pennsylvania,19134,East
Henderson,Kentucky,42420,South
Los Angeles,California,90036,West
Fort Lauderdale,Florida,33311,South
Los Angeles,California,90032,West
Concord,North Carolina,28027,South
Seattle,Washington,98103,West
Fort Worth,Texas,76106,Central
Madison,Wisconsin,53711,Central
West Jordan,Utah,84084,West
San Francisco,California,94109,West
Fremont,Nebraska,68025,Central
Philadelphia,Pennsylvania,19140,East
Orem,Utah,84057,West
Los Angeles,California,90049,West
Philadelphia,Pennsylvania,19140,East
Houston,Texas,77095,Central
Columbus,Georgia,31907,South
New York City,New York,10011,East
Louisville,Colorado,80027,West
Brownsville,Texas,78521,Central
Lincoln Park,Michigan,48146,Central
Columbus,Georgia,31907,South
Detroit,Michigan,48227,Central
Dallas,Texas,75081,Central
Albuquerque,New Mexico,87105,West
Apple Valley,California,92307,West
Providence,Rhode Island,2908,East
New York City,New York,10024,East
Philadelphia,Pennsylvania,19134,East
Oceanside,New York,11572,East
Seattle,Washington,98105,West
Glendale,Arizona,85301,West
Houston,Texas,77070,Central
Houston,Texas,77036,Central
Philadelphia,Pennsylvania,19134,East
New York City,New York,10024,East
Houston,Texas,77095,Central
Grand Prairie,Texas,75051,Central
Philadelphia,Pennsylvania,19120,East
Highland Park,Illinois,60035,Central
Pasadena,Texas,77506,Central
Decatur,Alabama,35601,South
Columbia,Tennessee,38401,South
Oakland,California,94601,West
Mission Viejo,California,92691,West
Des Moines,Washington,98198,West
Conroe,Texas,77301,Central
Richmond,Kentucky,40475,South
Philadelphia,Pennsylvania,19140,East
New York City,New York,10024,East
Jacksonville,Florida,32216,South
Jacksonville,North Carolina,28540,South
Austin,Texas,78745,Central
Plano,Texas,75023,Central
Jackson,Mississippi,39212,South
Mesquite,Texas,75150,Central
Philadelphia,Pennsylvania,19143,East
Dallas,Texas,75217,Central
Los Angeles,California,90004,West
Toledo,Ohio,43615,East
New York City,New York,10011,East
Newark,Delaware,19711,East
San Diego,California,92037,West
Jacksonville,North Carolina,28540,South
Dover,Delaware,19901,East
Bristol,Tennessee,37620,South
Quincy,Massachusetts,2169,East
Gilbert,Arizona,85234,West
Philadelphia,Pennsylvania,19143,East
Buffalo,New York,14215,East
Los Angeles,California,90036,West
Columbia,Tennessee,38401,South
Kenosha,Wisconsin,53142,Central
Roswell,Georgia,30076,South
Chester,Pennsylvania,19013,East
Houston,Texas,77041,Central
New York City,New York,10035,East
Aurora,Colorado,80013,West
Santa Ana,California,92704,West
New York City,New York,10035,East
Mcallen,Texas,78501,Central
Chicago,Illinois,60623,Central
Rockford,Illinois,61107,Central
New York City,New York,10011,East
Jackson,Tennessee,38301,South
Daytona Beach,Florida,32114,South
Stockton,California,95207,West
San Francisco,California,94110,West
Los Angeles,California,90036,West
Oklahoma City,Oklahoma,73120,Central
Los Angeles,California,90045,West
New York City,New York,10009,East
Aurora,Illinois,60505,Central
Jacksonville,North Carolina,28540,South
Los Angeles,California,90036,West
Norwich,Connecticut,6360,East
Lawrence,Massachusetts,1841,East
Lehi,Utah,84043,West
Seattle,Washington,98103,West
Philadelphia,Pennsylvania,19134,East
Los Angeles,California,90008,West
Monroe,North Carolina,28110,South
Dallas,Texas,75220,Central
Houston,Texas,77070,Central
Seattle,Washington,98103,West
Los Angeles,California,90036,West
Lakewood,Ohio,44107,East
Philadelphia,Pennsylvania,19140,East
Omaha,Nebraska,68104,Central
Concord,New Hampshire,3301,East
Monroe,Louisiana,71203,South
Raleigh,North Carolina,27604,South
Jacksonville,Florida,32216,South
Los Angeles,California,90036,West
Cranston,Rhode Island,2920,East
Milwaukee,Wisconsin,53209,Central
Virginia Beach,Virginia,23464,South
Los Angeles,California,90045,West
New York City,New York,10035,East
Louisville,Kentucky,40214,South
Chicago,Illinois,60653,Central
San Francisco,California,94109,West
Lakewood,New Jersey,8701,East
Roseville,California,95661,West
Columbus,Georgia,31907,South
Huntsville,Texas,77340,Central
Huntsville,Alabama,35810,South
Arlington,Virginia,22204,South
Chicago,Illinois,60623,Central
Fresno,California,93727,West
Philadelphia,Pennsylvania,19143,East
Philadelphia,Pennsylvania,19140,East
Burlington,Iowa,52601,Central
Arlington Heights,Illinois,60004,Central
Kent,Ohio,44240,East
Newark,Ohio,43055,East
nagpur,mh,440024,central
nagpur,mh,440024,central1
